,x,y,emoji
0,59.711304,-1.4341367,#️⃣
1,-8.088942,-5.9531746,*⃣
2,35.868614,-4.8808284,0️⃣
3,-7.8586655,-2.3259234,1⃣️
4,-16.533548,5.3212447,1️⃣
5,43.97591,-5.0464683,2⃣️
6,-7.49942,-4.3688493,2️⃣
7,-5.8484297,-15.679955,3⃣️
8,-21.878857,-12.7197485,3️⃣
9,45.101555,8.141143,4⃣️
10,-2.4957256,-0.06489994,4️⃣
11,15.129219,-1.0520054,5⃣️
12,47.491394,11.593741,5️⃣
13,-5.807181,3.4478736,6⃣️
14,4.8469763,2.8062792,6️⃣
15,45.962807,-7.484706,7⃣️
16,4.6226454,-4.8346157,7️⃣
17,49.493305,4.6201878,8️⃣
18,-18.552599,-12.021315,9⃣️
19,43.53842,-0.5393033,9️⃣
20,-4.726117,-7.011841,©️
21,60.293507,-7.6051846,®️
22,11.053275,-3.9270515,‍
23,-4.0012374,-11.3229065,‼️
24,62.63264,1.7886628,⁉️
25,-19.907497,14.416413,™️
26,33.666103,-1.1835152,ℹ️
27,-9.852023,-7.358212,↔️
28,-32.029354,1.6499487,↕️
29,3.065881,-2.1946619,↖️
30,19.392538,7.310105,↗️
31,-0.23863679,-15.975936,↘️
32,0.033459745,4.5369363,↙️
33,-1.6304419,-19.329737,↩️
34,39.351006,-1.7645727,↪️
35,-62.922604,2.7956111,⌚
36,2.1479323,-3.6146176,⌚️
37,-7.862361,-9.82822,⌛
38,-13.811659,-17.471422,⌛️
39,-8.2810545,-8.177704,⌨
40,-8.206257,1.1310275,⏏
41,-0.35891536,-8.642273,⏩
42,9.566007,-6.393312,⏪
43,37.12035,-7.899294,⏰
44,48.128445,-3.9935343,⏱
45,-8.673596,20.984903,⏲
46,59.86978,6.1293573,⏳
47,0.91190636,-6.167194,⏸
48,55.977337,12.958982,⏹
49,5.6725736,18.855436,⏺
50,5.1010194,-13.015819,Ⓜ️
51,17.772074,-3.111304,▪️
52,9.346576,6.356404,▫️
53,-41.14311,8.362265,▶️
54,0.70512265,-13.727619,◀️
55,7.5161285,20.48728,◻️
56,-4.67986,2.0595093,◼️
57,-10.611088,-23.857225,◽
58,-9.683602,0.5884436,◽️
59,18.313553,-0.9555675,◾
60,-12.855306,-10.731325,◾️
61,40.890156,4.8284483,☀️
62,-8.275565,-6.0351295,☁️
63,-2.8773148,-2.1636384,☂
64,63.518764,-4.227698,☃
65,49.19758,-8.57402,☄
66,-29.196072,12.631506,☎️
67,2.891412,-2.2012155,☑️
68,-34.790993,-1.1357099,☔
69,5.005507,6.698657,☔️
70,-62.49115,-1.451325,☕
71,45.04199,1.7133244,☕️
72,1.1855679,15.783894,☘
73,-30.389078,-3.9630654,☝️
74,48.587894,-0.2747397,☠
75,48.33062,2.2026293,☢
76,-5.4469566,-12.520105,☣
77,59.5637,0.3851069,☦
78,-4.8313923,-3.9408536,☪
79,69.19505,2.6754305,☮
80,-4.3390355,9.298219,☯
81,46.54417,-1.5312984,☸
82,-14.129695,7.393218,☹
83,-38.47441,6.715177,☺️
84,65.20417,9.29571,♈
85,7.113143,-0.1858186,♈️
86,-50.80295,-8.7741995,♉
87,10.271233,-10.819419,♉️
88,7.313974,7.003979,♊
89,37.723495,-5.901035,♊️
90,-53.709976,-6.669718,♋
91,44.54101,-1.484034,♋️
92,61.926308,0.5857232,♌
93,15.239196,1.6976999,♌️
94,-54.01599,6.2067785,♍
95,-51.983665,-4.1463394,♍️
96,-44.10309,-2.2728803,♎
97,10.903083,12.064272,♎️
98,-52.562695,-7.698359,♏
99,14.719486,-13.913193,♏️
100,3.4942617,23.455086,♐
101,12.07534,-18.718805,♐️
102,10.188845,4.8312583,♑
103,26.474415,-10.350644,♑️
104,36.135754,9.013547,♒
105,-49.33366,-3.1856406,♒️
106,16.339928,-12.372606,♓
107,-1.4443512,-3.0207176,♓️
108,-25.236622,7.3173747,♠️
109,-33.740704,-11.619367,♣️
110,40.238136,-0.7915614,♥️
111,-30.748537,-1.2969813,♦️
112,-48.90975,-0.22062129,♨️
113,-32.816174,-16.085398,♻️
114,-40.708786,-0.8204714,♿
115,-16.556887,23.10987,♿️
116,7.312882,-8.612472,⚒
117,16.199293,2.6432023,⚓
118,12.013316,-19.164019,⚓️
119,-22.17736,-3.537142,⚔
120,-23.279549,-1.6094105,⚖
121,-5.3767686,17.641132,⚗
122,-11.715511,18.206741,⚙
123,-10.7138605,-7.63637,⚛
124,66.41777,5.125137,⚠️
125,-40.643635,-10.899994,⚡
126,-15.609874,-1.9558839,⚡️
127,-1.5390685,-7.2970853,⚪
128,-23.476093,4.9893866,⚪️
129,-5.9639864,1.6172887,⚫
130,-4.3565187,-7.2620025,⚫️
131,-27.916592,-1.4586291,⚰
132,54.28147,-11.240838,⚱
133,-46.142128,1.2085053,⚽
134,44.499104,-5.420141,⚽️
135,-26.660212,-15.837707,⚾
136,-16.081387,-9.641794,⚾️
137,-44.1744,-1.6129545,⛄
138,-3.7109866,-0.8639751,⛄️
139,-10.307035,-20.207478,⛅
140,-1.4675957,3.7818398,⛅️
141,52.030685,-0.71445775,⛈
142,-55.99913,-7.5763407,⛎
143,7.607148,16.170753,⛏
144,45.340973,4.8379107,⛑
145,48.32909,-0.71180725,⛓
146,61.40788,-1.7793894,⛔
147,-6.549118,-1.4394441,⛔️
148,60.904964,3.748204,⛩
149,-20.300606,-4.64625,⛪
150,59.42195,5.8244414,⛪️
151,3.4195657,2.6557539,⛰
152,61.946335,8.532454,⛱
153,-42.49545,-5.9472437,⛲
154,2.138827,-5.363332,⛲️
155,-34.359467,13.377709,⛳
156,-18.11266,-13.924645,⛳️
157,-10.5472145,-7.448806,⛴
158,60.906307,-6.832962,⛵️
159,58.11167,6.583442,⛷
160,-18.475655,-6.213963,⛸
161,-14.958414,4.653829,⛹
162,4.5916014,8.644708,⛺
163,4.7794704,-10.403745,⛺️
164,-42.21858,-5.444926,⛽
165,-33.35101,7.6931977,⛽️
166,50.310204,-1.8823113,✂️
167,-40.7506,-12.896209,✅
168,44.764805,-2.634417,✈️
169,7.7817144,6.0080986,✉️
170,-29.3718,12.309822,✊
171,-5.3113165,-6.1459436,✊🏻
172,57.53806,1.9525723,✊🏼
173,7.7740636,15.739997,✊🏽
174,1.3334111,10.128079,✊🏾
175,7.1280255,-19.934004,✊🏿
176,-35.169956,19.341219,✋
177,-14.892447,-11.451765,✋🏻
178,42.307312,-2.7703006,✋🏼
179,65.06444,-9.598657,✋🏽
180,-8.008221,3.5848856,✋🏾
181,-2.557558,17.85181,✋🏿
182,36.78483,3.0980918,✌️
183,-4.3403726,0.4641758,✍
184,-4.6168404,-2.9859087,✏️
185,-12.238135,-3.1098695,✒️
186,-7.947993,4.8535476,✔️
187,45.01398,9.363007,✖️
188,63.234882,3.253121,✝
189,54.897167,-9.154445,✡
190,-43.369507,2.4317133,✨
191,-12.800698,-10.824367,✳️
192,-27.062483,-14.348423,✴️
193,-2.193013,-17.375555,❄️
194,5.0478954,-2.419589,❇️
195,-41.234688,3.6583042,❌
196,28.125107,-11.726974,❎
197,-20.094292,3.3312662,❓
198,46.14543,-1.2431054,❔
199,-21.612387,1.548814,❕
200,-29.766092,6.843675,❗
201,13.709233,0.9476863,❗️
202,-33.4602,1.661338,❣
203,6.9746566,12.046224,❤️
204,54.05066,11.147187,➕
205,7.553914,-16.189909,➖
206,57.693764,0.6065767,➗
207,-1.1882042,-5.623258,➡️
208,-37.86251,-8.205556,➰
209,-53.25146,-8.079864,➿
210,45.961384,4.220195,⤴️
211,-1.6272085,-19.056107,⤵️
212,-9.634753,15.599144,⬅️
213,-15.235835,-2.8866553,⬆️
214,-7.8894606,-0.10130512,⬇️
215,46.673153,0.33858693,⬛
216,-7.127121,-22.354637,⬛️
217,-9.112441,-10.038044,⬜
218,-22.77697,5.192725,⬜️
219,-34.897305,2.8366113,⭐
220,4.7949333,-10.706336,⭐️
221,28.04217,1.3742179,⭕
222,-1.3042822,9.543495,⭕️
223,-15.244545,-15.864212,〰️
224,0.16071372,-1.7428625,〽️
225,-9.912833,16.280624,㊗️
226,-9.130226,-19.800482,㊙️
227,26.239023,-4.6722364,
228,-41.08747,8.17929,🀄
229,65.09996,2.0676258,🀄️
230,-50.79591,-8.748629,🃏
231,-6.5644603,9.708206,🅰️
232,-11.92309,-6.1003766,🅱️
233,0.71222436,4.2521405,🅾️
234,37.05075,1.7878056,🅿️
235,-41.364872,15.765181,🆎
236,-34.090687,7.856348,🆑
237,-30.57172,1.0497593,🆒
238,46.33023,-3.7627072,🆓
239,-46.35133,-13.035245,🆔
240,-18.123579,-1.3804862,🆕
241,-30.94081,-11.699738,🆖
242,61.89152,2.3544936,🆗
243,68.09689,6.6779003,🆘
244,69.04131,5.116707,🆙
245,-1.1249782,8.11919,🆚
246,-6.3045697,-9.166225,🇦🇨
247,-46.338562,5.197529,🇦🇩
248,-29.338259,-3.4565744,🇦🇪
249,-16.369102,-17.962893,🇦🇫
250,-3.9214609,22.167002,🇦🇬
251,-17.099302,1.5370717,🇦🇮
252,-35.756966,-5.276315,🇦🇱
253,56.380398,-5.7074842,🇦🇲
254,19.573128,-5.9908752,🇦🇴
255,50.997005,-2.714372,🇦🇶
256,-27.07212,11.662805,🇦🇷
257,-23.44203,2.1804435,🇦🇸
258,52.898216,0.5814592,🇦🇹
259,45.797443,9.762415,🇦🇺
260,-11.219324,17.298788,🇦🇼
261,-34.177887,4.845871,🇦🇽
262,-28.261776,5.575499,🇦🇿
263,-15.967736,0.074788734,🇧🇦
264,-34.24485,4.7619905,🇧🇧
265,-27.879963,-9.206455,🇧🇩
266,50.662,-9.811965,🇧🇪
267,60.137905,-7.7714863,🇧🇫
268,50.14938,-15.148043,🇧🇬
269,-18.941975,-1.4699991,🇧🇭
270,-22.254984,8.506961,🇧🇮
271,-53.123817,-9.874548,🇧🇯
272,39.608135,-3.7142537,🇧🇲
273,30.751234,-7.0441403,🇧🇳
274,-26.11237,1.3917899,🇧🇴
275,5.22531,-5.6371922,🇧🇶
276,-25.346323,2.4364538,🇧🇷
277,46.714924,14.692122,🇧🇸
278,-41.427,6.175694,🇧🇹
279,11.818929,9.374934,🇧🇻
280,-32.255997,-5.01867,🇧🇼
281,-36.355194,-6.194201,🇧🇾
282,45.921658,7.1694527,🇧🇿
283,-14.328757,0.5125024,🇨🇦
284,-14.324514,-6.4741225,🇨🇨
285,-8.153373,4.93365,🇨🇩
286,-5.919981,5.6711187,🇨🇫
287,-14.326316,9.868107,🇨🇬
288,-49.918217,1.9522003,🇨🇭
289,-1.6223348,0.6569894,🇨🇮
290,-40.040676,-16.909573,🇨🇰
291,-42.254074,8.142849,🇨🇱
292,-11.985587,8.316917,🇨🇲
293,-49.489017,6.5011687,🇨🇳
294,2.8414762,-12.486819,🇨🇴
295,4.920924,-16.358885,🇨🇵
296,-18.223766,11.453584,🇨🇷
297,-24.64767,-5.239679,🇨🇺
298,-41.547443,-15.159349,🇨🇻
299,-30.666307,7.1236196,🇨🇼
300,-13.638048,6.0364676,🇨🇽
301,47.50225,-2.6111488,🇨🇾
302,-33.597027,-8.030345,🇨🇿
303,-49.698475,12.862679,🇩🇪
304,-1.3201019,-0.99223965,🇩🇬
305,36.39336,-11.288027,🇩🇯
306,46.903343,6.087907,🇩🇰
307,-15.869812,2.3407013,🇩🇲
308,-56.17214,-9.882419,🇩🇴
309,-31.605597,-6.886911,🇩🇿
310,7.4797792,-17.385015,🇪
311,-35.906914,-8.798936,🇪🇨
312,-26.008236,-3.4518802,🇪🇪
313,-42.358166,9.852123,🇪🇬
314,-8.240406,-13.047349,🇪🇭
315,-37.857506,-2.0719812,🇪🇷
316,39.676193,5.2442813,🇪🇸
317,70.7833,4.39817,🇪🇹
318,-36.4786,-1.87142,🇪🇺
319,-37.65877,11.915842,🇫🇮
320,56.987953,3.388991,🇫🇯
321,48.240772,-1.15477,🇫🇰
322,-1.9766119,-12.623856,🇫🇲
323,-38.62703,-16.679464,🇫🇴
324,-18.147346,10.268633,🇫🇷
325,10.739509,2.681747,🇬
326,-48.531536,7.2439113,🇬🇦
327,-60.93824,5.3036847,🇬🇧
328,-24.261871,3.6921225,🇬🇩
329,-23.701986,-4.134851,🇬🇪
330,-52.583122,10.264649,🇬🇫
331,63.174976,-5.3463187,🇬🇬
332,-46.999184,9.134191,🇬🇭
333,-26.907122,-5.9270053,🇬🇮
334,68.53012,-2.9536908,🇬🇱
335,50.648712,-10.128453,🇬🇲
336,-29.067102,6.561559,🇬🇳
337,-30.21593,20.94915,🇬🇵
338,-30.878096,4.943362,🇬🇶
339,-34.86263,-12.550288,🇬🇷
340,-25.536602,-8.340858,🇬🇹
341,42.83737,-5.1883383,🇬🇺
342,-14.249861,-6.736251,🇬🇼
343,48.41732,6.6189203,🇬🇾
344,-24.162066,-9.126127,🇭🇰
345,-27.626375,0.35459214,🇭🇳
346,-48.334602,4.9886622,🇭🇷
347,38.74181,-12.806283,🇭🇹
348,-24.116072,7.774241,🇭🇺
349,-21.54623,-17.643196,🇮
350,57.85825,-0.032728415,🇮🇨
351,59.334694,3.503524,🇮🇩
352,-54.241158,3.5670803,🇮🇪
353,40.629097,7.556721,🇮🇱
354,61.73572,0.10549787,🇮🇲
355,-37.978985,-1.6991735,🇮🇳
356,-28.499897,-12.654523,🇮🇴
357,-26.064192,12.064913,🇮🇶
358,-27.204233,2.5763407,🇮🇷
359,-26.789434,-5.877265,🇮🇸
360,-40.668755,-8.523473,🇮🇹
361,67.45841,-0.07904102,🇯
362,2.1895034,-11.294702,🇯🇪
363,-9.750795,-14.903789,🇯🇲
364,-44.08998,-17.062187,🇯🇴
365,-31.450617,-2.5583742,🇯🇵
366,-35.18149,-9.040116,🇰🇪
367,-28.749062,-4.642151,🇰🇬
368,-30.08636,-17.70318,🇰🇭
369,-19.339113,-4.2602153,🇰🇮
370,65.92946,-1.7778475,🇰🇲
371,45.95962,-0.13130888,🇰🇳
372,-0.4156715,23.323326,🇰🇵
373,-25.856062,-0.97966135,🇰🇷
374,-24.443003,-9.433738,🇰🇼
375,28.4774,-2.442871,🇰🇾
376,-21.79088,-5.7902775,🇰🇿
377,-17.493185,17.53715,🇱
378,-26.33391,-3.0875216,🇱🇦
379,48.25218,5.5454526,🇱🇧
380,8.097646,-16.013714,🇱🇨
381,-50.527653,4.6195326,🇱🇮
382,-37.506676,-11.948793,🇱🇰
383,48.91981,0.8859903,🇱🇷
384,-17.976154,6.576464,🇱🇸
385,67.24509,1.3830131,🇱🇹
386,-38.503735,-6.1493063,🇱🇺
387,-26.460283,11.859215,🇱🇻
388,-27.84235,17.568546,🇱🇾
389,-51.49464,-14.106312,🇲🇦
390,3.9480422,10.448181,🇲🇨
391,43.501488,4.9897914,🇲🇩
392,65.9703,-4.963964,🇲🇪
393,-32.429825,-20.882738,🇲🇬
394,-33.752544,12.971757,🇲🇭
395,-24.113205,-2.5544991,🇲🇰
396,11.103112,15.062523,🇲🇱
397,-23.871717,-12.373363,🇲🇲
398,-31.550686,9.251218,🇲🇳
399,-34.647064,19.512293,🇲🇴
400,38.37291,12.941292,🇲🇵
401,-49.597595,-11.085577,🇲🇶
402,36.308094,7.0908113,🇲🇷
403,-23.799242,-2.3625968,🇲🇸
404,-12.518374,0.85831934,🇲🇹
405,65.34451,-5.4465203,🇲🇺
406,-30.940353,4.8362527,🇲🇻
407,-22.106794,0.19826266,🇲🇼
408,46.407673,8.574707,🇲🇽
409,58.984993,9.298849,🇲🇾
410,-34.561718,-4.445784,🇲🇿
411,53.54313,1.271817,🇳
412,-29.37252,-3.2753825,🇳🇦
413,-32.269146,-0.18885587,🇳🇨
414,-36.240154,-17.332155,🇳🇪
415,-33.916435,-0.3138501,🇳🇫
416,49.596085,-0.078215644,🇳🇬
417,-10.91219,7.349553,🇳🇮
418,-26.84251,-16.344149,🇳🇱
419,49.336826,-12.009525,🇳🇴
420,45.161797,15.16591,🇳🇵
421,34.877495,-0.39331302,🇳🇷
422,-41.328674,10.735633,🇳🇺
423,-32.8726,-6.861811,🇳🇿
424,-2.064084,-2.208166,🇴
425,-30.12312,20.818573,🇴🇲
426,-2.7961826,2.837884,🇵
427,-37.151344,-20.967258,🇵🇦
428,-30.897417,10.700317,🇵🇪
429,-16.171461,-4.827368,🇵🇫
430,53.548084,2.713538,🇵🇬
431,62.888577,6.9624515,🇵🇭
432,-48.084484,-7.162459,🇵🇰
433,41.48141,7.068111,🇵🇱
434,15.747764,-6.474632,🇵🇳
435,41.814594,2.4609773,🇵🇷
436,-1.8892119,-24.81941,🇵🇸
437,54.608345,-0.16859111,🇵🇹
438,-11.035873,-3.5880919,🇵🇼
439,-27.730587,8.035103,🇵🇾
440,-2.774048,-3.1318977,🇶
441,39.239895,-1.2517519,🇶🇦
442,-37.962193,-8.293237,🇷🇪
443,-9.143908,8.003543,🇷🇴
444,38.59441,-4.830122,🇷🇸
445,48.89352,-2.6338367,🇷🇺
446,-29.56669,-0.72539467,🇷🇼
447,-4.650924,6.951883,🇸
448,-21.89944,14.414315,🇸🇦
449,-39.93525,5.000404,🇸🇧
450,-44.702988,12.08246,🇸🇨
451,-23.77968,-7.1321864,🇸🇩
452,-40.509823,5.3194532,🇸🇪
453,58.404114,11.585735,🇸🇬
454,-29.34641,3.345669,🇸🇮
455,-1.7337793,-8.355563,🇸🇰
456,41.984432,-14.895814,🇸🇱
457,-25.866234,5.112027,🇸🇲
458,-27.559805,-9.0207615,🇸🇳
459,-31.401657,-8.14178,🇸🇴
460,62.266216,5.3946958,🇸🇷
461,41.461582,-0.54696757,🇸🇸
462,-1.410649,-14.619215,🇸🇹
463,-33.18041,-14.771843,🇸🇻
464,7.6084957,-9.654512,🇸🇽
465,-32.55894,4.457933,🇸🇾
466,-23.337698,14.032715,🇸🇿
467,-10.341318,-5.5456557,🇹🇦
468,-10.856979,11.252641,🇹🇨
469,14.864588,-7.1019335,🇹🇩
470,58.565075,11.673483,🇹🇫
471,-33.74636,-6.062646,🇹🇬
472,-22.418545,-11.259741,🇹🇭
473,-32.938786,-2.1480422,🇹🇯
474,10.212891,8.778994,🇹🇰
475,50.33322,-7.301386,🇹🇱
476,-25.741438,2.840799,🇹🇲
477,-26.085028,14.498828,🇹🇳
478,-27.036377,-6.5388484,🇹🇴
479,-38.989773,1.7899543,🇹🇷
480,6.7568717,11.779267,🇹🇹
481,-12.254974,3.5012417,🇹🇻
482,-7.3769855,-14.488126,🇹🇼
483,-32.701862,-16.289623,🇹🇿
484,-18.706526,-11.779629,🇺
485,-28.22803,-7.558177,🇺🇦
486,43.006264,5.517324,🇺🇬
487,-36.759907,-0.5900276,🇺🇸
488,50.455685,-12.28216,🇺🇾
489,-31.731339,17.257792,🇺🇿
490,-23.363152,-17.913778,🇻
491,-4.667037,12.756376,🇻🇦
492,-4.8641706,2.3776069,🇻🇨
493,-39.914818,-5.722124,🇻🇪
494,-38.29058,4.305938,🇻🇬
495,-33.46552,-11.79272,🇻🇮
496,-52.26468,10.276318,🇻🇳
497,-27.819872,17.602058,🇻🇺
498,-6.0875506,13.150408,🇼
499,54.85832,-3.940326,🇼🇸
500,59.768303,-5.001272,🇽
501,-34.331203,-11.188291,🇽🇰
502,-35.82949,-3.526496,🇾🇪
503,26.640676,1.8474127,🇾🇹
504,-19.346523,9.048636,🇿
505,1.3642188,0.08616445,🇿🇦
506,-28.518328,-9.654483,🇿🇲
507,1.9028838,-19.446827,🇿🇼
508,-29.96742,-1.4368321,🈁
509,-12.727999,12.519645,🈂️
510,-22.79841,-14.1448345,🈚
511,-27.396627,-21.370867,🈯
512,-27.371862,4.2914643,🈲
513,-9.735086,-4.3774514,🈳
514,-21.761887,0.88569957,🈴
515,41.969627,-14.917938,🈵
516,2.2429028,-12.230286,🈶
517,-9.294711,6.0344944,🈷️
518,-37.032227,8.096955,🈸
519,-35.39388,15.566624,🈹
520,-14.911413,12.171603,🈺
521,-49.737278,-1.1558083,🉐
522,-4.3005576,-15.414311,🉑
523,42.52894,-1.8858044,🌀
524,57.22593,-7.5900187,🌁
525,15.172099,-9.676163,🌂
526,51.101753,8.950838,🌃
527,-37.07933,-13.255179,🌄
528,-55.816334,-1.5859858,🌅
529,26.154913,-7.9990563,🌆
530,31.764402,-5.2874794,🌇
531,28.338438,7.488273,🌈
532,25.825691,7.3954797,🌉
533,33.40985,-8.431892,🌊
534,45.893665,1.8513569,🌋
535,48.02176,-4.4040427,🌌
536,2.010009,-13.971617,🌍
537,65.098015,-9.618168,🌎
538,-51.98307,-0.5099046,🌏
539,-58.805183,-1.3056678,🌐
540,9.50921,-3.9697711,🌑
541,-54.785877,8.598711,🌒
542,45.895412,-11.754307,🌓
543,-40.401108,-4.088115,🌔
544,16.944414,3.6944814,🌕
545,29.107681,-11.842573,🌖
546,35.474625,0.9335561,🌗
547,12.712712,-8.952153,🌘
548,33.504726,5.8033476,🌙
549,54.960644,6.5346546,🌚
550,37.905346,-0.99869734,🌛
551,28.992939,0.8593874,🌜
552,49.0727,-5.814577,🌝
553,-0.3043306,8.061359,🌞
554,-53.01049,-1.6194822,🌟
555,-24.915833,21.411463,🌠
556,56.056084,4.6550727,🌡
557,-5.0610027,-8.9887085,🌤
558,0.7226577,14.836031,🌥
559,-23.322271,11.128502,🌦
560,61.07725,1.8450577,🌧
561,39.334682,-2.7963393,🌨
562,-17.4498,-2.9819603,🌩
563,21.763968,-5.6922,🌪
564,43.026295,-4.7646966,🌫
565,-31.073141,13.454279,🌬
566,-36.398663,3.1025834,🌭
567,-1.3159983,13.218917,🌮
568,-30.648722,-9.847319,🌯
569,16.58716,-10.054251,🌰
570,38.32868,-9.40418,🌱
571,40.87667,12.281428,🌲
572,32.006046,9.194772,🌳
573,59.27322,13.734438,🌴
574,26.380846,-8.050311,🌵
575,-42.701393,4.344777,🌶
576,-60.487915,1.8755171,🌷
577,18.279646,12.880273,🌸
578,12.573434,6.2904305,🌹
579,35.85471,-6.3680377,🌺
580,-62.89702,2.8117979,🌻
581,-37.052853,-3.8455641,🌼
582,51.99758,3.0677693,🌽
583,33.832592,3.9898977,🌾
584,-43.09727,-10.707776,🌿
585,-34.928493,7.042732,🍀
586,49.229107,11.056342,🍁
587,-42.41882,-7.163973,🍂
588,13.414709,10.242083,🍃
589,9.570375,1.7485684,🍄
590,-38.28086,0.9204107,🍅
591,-51.198486,-2.0557547,🍆
592,67.678955,6.7401314,🍇
593,-50.14635,7.015683,🍈
594,45.40853,-8.280735,🍉
595,30.371197,4.2795095,🍊
596,67.174194,4.453703,🍋
597,-43.186943,8.083335,🍌
598,66.72962,2.7733316,🍍
599,41.374184,-11.844043,🍎
600,35.360405,11.394389,🍏
601,59.591934,6.83384,🍐
602,38.092964,10.682888,🍑
603,46.906147,1.2193038,🍒
604,-59.602734,-8.4381,🍓
605,55.32335,-2.246205,🍔
606,5.5151205,-23.728537,🍕
607,-46.51557,2.7435398,🍖
608,-20.612608,-7.9230266,🍗
609,24.422638,1.3334422,🍘
610,59.09992,3.8688495,🍙
611,-55.71993,-4.0644274,🍚
612,-53.865795,2.0284836,🍛
613,-56.69327,-5.643197,🍜
614,53.190983,5.119666,🍝
615,-52.835304,-7.947147,🍞
616,15.569322,-5.881289,🍟
617,-52.818546,-3.120054,🍠
618,-55.19905,0.4091336,🍡
619,43.195297,12.855468,🍢
620,-44.686123,9.005922,🍣
621,36.78157,7.483546,🍤
622,32.835503,-3.742805,🍥
623,2.2656431,-1.1736869,🍦
624,-52.889732,-0.8042173,🍧
625,35.707718,7.514282,🍨
626,11.952186,19.313303,🍩
627,-35.646904,-3.2957773,🍪
628,20.556461,-6.779687,🍫
629,-49.120823,-6.179643,🍬
630,-0.41593248,-12.636282,🍭
631,42.891323,10.583419,🍮
632,-46.12806,-5.3546314,🍯
633,-59.81689,-8.527613,🍰
634,-54.611866,1.3225746,🍱
635,52.02339,9.241708,🍲
636,-60.845936,-2.4951646,🍳
637,61.020233,10.611822,🍴
638,37.522648,8.307975,🍵
639,42.80861,8.891329,🍶
640,63.288372,5.008491,🍷
641,41.823063,0.8988598,🍸
642,-10.466893,3.2070808,🍹
643,29.124403,-7.628487,🍺
644,-61.0785,-3.1749034,🍻
645,37.61423,-3.323396,🍼
646,-13.696204,-4.3661947,🍽
647,-41.58418,-3.458244,🍾
648,-7.9441924,-8.271167,🍿
649,-39.44053,-11.354317,🎀
650,-16.35362,18.691189,🎁
651,45.328083,-11.181861,🎂
652,34.62412,3.751548,🎃
653,-12.56679,22.284859,🎄
654,7.736093,-12.701863,🎅
655,9.202682,2.5243208,🎅🏻
656,-20.423107,9.870806,🎅🏼
657,5.567079,1.4253578,🎅🏽
658,7.2949605,-4.318255,🎅🏾
659,-23.898802,18.41978,🎅🏿
660,43.814087,-8.1822195,🎆
661,-12.47273,4.2238936,🎇
662,-51.649357,0.8354068,🎈
663,16.862103,6.1492677,🎉
664,-56.446774,6.658564,🎊
665,-4.1909504,12.85197,🎋
666,53.521343,-7.5573883,🎌
667,-31.324326,-21.325523,🎍
668,-60.23625,-0.89771557,🎎
669,35.343433,2.3326936,🎏
670,7.900465,-0.6892316,🎐
671,47.002068,-12.057998,🎑
672,-56.94815,3.7117167,🎒
673,-5.038678,15.296138,🎓
674,-55.41545,4.404973,🎖
675,59.981106,1.815371,🎗
676,-10.086245,3.3134453,🎙
677,-7.89958,7.1125402,🎚
678,-5.8379574,-26.121828,🎛
679,54.263184,10.1879835,🎞
680,2.871404,4.9869976,🎟
681,58.982643,7.7614117,🎠
682,8.973868,-11.339184,🎡
683,25.57314,-4.995174,🎢
684,47.770267,-7.1054616,🎣
685,55.52951,8.415448,🎤
686,51.854103,-7.618411,🎥
687,16.922485,-14.805321,🎦
688,34.362453,-8.996904,🎧
689,13.21884,-4.566619,🎨
690,21.61148,3.0742664,🎩
691,-56.343815,-1.4613334,🎪
692,-51.249187,7.781528,🎫
693,26.509968,-4.4662385,🎬
694,30.879583,-7.369179,🎭
695,39.6408,-10.1441145,🎮
696,0.2192053,-1.2087922,🎯
697,-57.2127,-6.513221,🎰
698,22.735481,-12.054132,🎱
699,-48.807373,3.3169687,🎲
700,47.66488,-9.4998455,🎳
701,48.17133,4.2965307,🎴
702,45.005814,3.5390801,🎵
703,-43.69524,-16.790827,🎶
704,-38.377117,-5.1896305,🎷
705,49.106342,8.724982,🎸
706,-46.73704,-3.8534813,🎹
707,4.480093,-13.440878,🎺
708,-38.16387,11.938125,🎻
709,2.5027983,7.4222445,🎼
710,39.58158,8.434583,🎽
711,-55.00434,-1.4254497,🎾
712,-3.7035978,-13.224418,🎿
713,12.053376,2.8307157,🏀
714,-40.731594,9.318242,🏁
715,-62.109646,1.1707467,🏂
716,25.640612,7.4501014,🏃
717,-4.8488173,-1.982101,🏃🏻
718,-12.771979,-8.361074,🏃🏼
719,43.937714,-1.777078,🏃🏽
720,65.24709,4.745998,🏃🏾
721,68.3667,2.135653,🏃🏿
722,-45.72559,-0.41403452,🏄
723,16.608582,6.265517,🏄🏻
724,-0.6740854,-21.684105,🏄🏼
725,0.27899164,18.40223,🏄🏽
726,-9.750762,-18.160276,🏄🏾
727,-3.420206,7.8255672,🏄🏿
728,41.97182,-1.8966929,🏅
729,0.29028982,-10.50672,🏆
730,10.780599,-11.445891,🏇
731,6.5757217,3.211054,🏇🏻
732,-13.620054,-25.287235,🏇🏼
733,-10.044448,-9.296594,🏇🏽
734,12.753589,-5.740238,🏇🏾
735,-1.3659236,-11.140248,🏇🏿
736,-19.412046,-19.091913,🏈
737,37.079525,-0.51524866,🏉
738,32.645756,8.773777,🏊
739,6.6919703,7.6835804,🏊🏻
740,-9.74451,3.2213392,🏊🏼
741,-7.377256,21.330128,🏊🏽
742,-0.9733791,-4.395554,🏊🏾
743,-17.893902,14.315683,🏊🏿
744,-26.525871,-14.527475,🏋
745,-31.456484,-6.2400217,🏌
746,-40.79312,-8.153048,🏍
747,-40.22317,-4.9081182,🏎
748,55.758007,5.575847,🏏
749,6.5186076,3.1844382,🏐
750,40.29592,-5.597511,🏑
751,-31.916822,3.5707455,🏒
752,-41.97831,-1.1093985,🏓
753,8.04924,15.088708,🏔
754,-51.16701,0.70471066,🏕
755,-16.60473,23.200487,🏖
756,-11.44618,-0.5706374,🏗
757,7.519511,20.441286,🏘
758,4.1052847,0.10476614,🏙
759,-27.291204,6.469988,🏚
760,52.739197,-2.2579134,🏛
761,-7.0279117,1.8301265,🏜
762,13.309882,-3.0491831,🏝
763,-10.985033,5.8962693,🏞
764,38.469505,5.4750023,🏟
765,-60.596737,1.7512283,🏠
766,-25.051462,10.4235935,🏡
767,4.654594,15.103467,🏢
768,45.902916,7.9701877,🏣
769,3.7941713,-9.43462,🏤
770,56.31151,10.180795,🏥
771,56.48513,1.6028415,🏦
772,41.896873,-9.006042,🏧
773,-41.79138,-2.0382311,🏨
774,28.382963,-2.5028596,🏩
775,-2.6985765,5.5806785,🏪
776,63.743633,1.139753,🏫
777,40.438324,2.4862165,🏬
778,65.90392,-3.2986038,🏭
779,-58.62301,-2.3961158,🏮
780,-61.995808,-1.4670463,🏯
781,19.352001,9.457529,🏰
782,58.79636,-1.4052804,🏳
783,-6.254499,-3.9626117,🏴
784,-2.198621,-14.634031,🏵
785,67.61819,4.461076,🏷
786,-23.018578,-7.0851192,🏸
787,-20.200583,-2.7199197,🏹
788,-34.358086,8.48363,🏺
789,40.143932,-8.460245,🐀
790,37.132805,5.9352446,🐁
791,-21.015854,-14.868631,🐂
792,61.904797,7.6083403,🐃
793,54.32179,9.194016,🐄
794,8.214639,7.910679,🐅
795,52.499146,-9.846574,🐆
796,33.122753,1.2241982,🐇
797,-50.711327,-4.148035,🐈
798,-46.860924,-2.6279392,🐉
799,-51.7526,-4.164475,🐊
800,-7.092713,-22.922274,🐋
801,67.88344,-6.268181,🐌
802,55.351513,-2.564605,🐍
803,41.17343,-2.1383657,🐎
804,-49.856335,0.94240266,🐏
805,-42.382065,6.056261,🐐
806,45.77965,-12.383045,🐑
807,47.0769,-7.796816,🐒
808,68.08157,-1.3437297,🐓
809,-54.3161,-11.824794,🐔
810,5.6737766,-6.3016305,🐕
811,-11.623383,-11.637162,🐖
812,-47.668663,-10.477655,🐗
813,18.57514,-1.1597248,🐘
814,2.7784092,16.851713,🐙
815,41.008575,15.107365,🐚
816,-45.339493,3.0213702,🐛
817,-56.099854,6.177093,🐜
818,-56.74159,10.086984,🐝
819,13.780563,3.4547274,🐞
820,13.624733,-11.175076,🐟
821,-33.313595,1.7089074,🐠
822,24.40678,4.258285,🐡
823,35.286945,-14.842352,🐢
824,53.922737,-5.4390755,🐣
825,36.14582,-4.585609,🐤
826,30.166111,-4.2586417,🐥
827,-21.61153,-4.0028057,🐦
828,51.80367,4.5681887,🐧
829,41.43367,5.5501184,🐨
830,-57.051846,-4.0286193,🐩
831,0.19539687,-17.47116,🐪
832,27.29728,-12.357515,🐫
833,-21.132183,-1.2089834,🐬
834,-31.649311,-13.843592,🐭
835,47.431904,9.507291,🐮
836,-27.922277,-11.8766165,🐯
837,-21.445574,3.157768,🐰
838,-48.81925,-0.88135856,🐱
839,-48.666775,-4.815023,🐲
840,-5.2072587,13.209832,🐳
841,-10.366005,-0.93756515,🐴
842,-45.730053,-7.832494,🐵
843,-45.61705,-10.124644,🐶
844,61.357014,6.8799715,🐷
845,-35.17611,0.7196745,🐸
846,-1.5697196,8.133929,🐹
847,-37.761593,7.0559874,🐺
848,60.827366,-11.881575,🐻
849,15.540147,-1.0672601,🐼
850,38.660995,0.70049334,🐽
851,28.2261,-11.204085,🐾
852,1.0914736,3.7520013,🐿
853,49.951965,5.0176096,👀
854,-20.778366,6.825259,👁
855,-32.609062,-20.83698,👁‍🗨
856,-43.61682,0.34684736,👂
857,4.6723394,4.5474825,👂🏻
858,-28.365297,-3.2974846,👂🏼
859,2.7794821,0.63207275,👂🏽
860,59.48659,5.6854997,👂🏾
861,-19.865078,4.1772256,👂🏿
862,61.037247,10.009471,👃
863,63.769836,-7.30877,👃🏻
864,-9.50417,-17.921051,👃🏼
865,47.194736,4.2759986,👃🏽
866,0.6277966,0.8186889,👃🏾
867,-1.93419,0.46747333,👃🏿
868,-48.132156,-1.4783422,👄
869,63.78329,10.93155,👅
870,45.735104,12.062559,👆
871,2.9832766,-19.01306,👆🏻
872,-7.8680387,2.4144027,👆🏼
873,0.037559487,2.2404258,👆🏽
874,-1.5581261,-7.8100634,👆🏾
875,-6.511496,0.04530229,👆🏿
876,-18.11575,-15.999202,👇
877,-8.533955,11.848751,👇🏻
878,-4.0394983,-19.66298,👇🏼
879,-11.40766,-3.002913,👇🏽
880,1.1663624,9.399376,👇🏾
881,-6.3443713,3.7083297,👇🏿
882,-33.251884,12.534936,👈
883,-17.00423,1.560784,👈🏻
884,6.956249,-8.97127,👈🏼
885,50.036243,-1.0134107,👈🏽
886,3.0810363,9.715014,👈🏾
887,58.51082,-7.7825484,👈🏿
888,-19.953197,2.5785089,👉
889,-4.0443482,5.6289682,👉🏻
890,12.888321,-18.186085,👉🏼
891,-13.882944,2.442869,👉🏽
892,-2.8855312,-8.373164,👉🏾
893,8.052678,-5.271128,👉🏿
894,60.146793,12.601165,👊
895,-19.852016,7.1352205,👊🏻
896,-4.479978,0.54776603,👊🏼
897,6.07266,-10.827621,👊🏽
898,64.6495,3.0056775,👊🏾
899,-9.218783,-1.5948813,👊🏿
900,58.289627,-2.6936808,👋
901,-10.66405,-23.414938,👋🏻
902,-19.166048,3.7285614,👋🏼
903,54.73458,-7.878457,👋🏽
904,-0.9495092,18.886879,👋🏾
905,0.6864779,14.835174,👋🏿
906,31.22528,-9.754622,👌
907,-3.0771089,10.826838,👌🏻
908,15.449562,3.6043015,👌🏼
909,-20.706741,20.075644,👌🏽
910,-13.465594,15.268952,👌🏾
911,-14.481264,2.3119738,👌🏿
912,50.618305,-6.0742908,👍
913,6.189029,-12.506276,👍🏻
914,-9.043847,-10.115003,👍🏼
915,7.3354907,-6.8535666,👍🏽
916,8.933815,10.118963,👍🏾
917,-15.695022,8.115616,👍🏿
918,1.3756515,-6.298179,👎
919,-3.2297626,0.47657582,👎🏻
920,4.6419907,-7.9297523,👎🏼
921,4.863243,-8.15333,👎🏽
922,0.24204372,2.1293192,👎🏾
923,-16.386751,-17.996317,👎🏿
924,-13.051511,6.776295,👏
925,0.6294704,6.2802978,👏🏻
926,15.53805,16.024654,👏🏼
927,32.913734,-3.6779025,👏🏽
928,17.977028,-3.100713,👏🏾
929,-20.797512,19.912186,👏🏿
930,41.521854,8.394238,👐
931,1.9842917,-3.3792162,👐🏻
932,-6.9449472,-7.5991573,👐🏼
933,-1.026537,-9.748991,👐🏽
934,-17.270842,-24.056879,👐🏾
935,63.483955,11.570162,👐🏿
936,-36.402206,4.5203624,👑
937,-47.194637,-2.9449003,👒
938,46.026493,-6.689664,👓
939,-31.923954,6.658705,👔
940,-43.25938,-13.553813,👕
941,-52.90068,0.45197988,👖
942,-40.048244,-1.994563,👗
943,4.311017,9.59484,👘
944,-35.27934,-9.059135,👙
945,-14.451184,13.32881,👚
946,42.99091,-0.33449265,👛
947,-13.587393,18.134094,👜
948,35.86081,5.1329484,👝
949,-37.827057,4.1112547,👞
950,-51.258488,-5.988563,👟
951,50.45987,1.6691897,👠
952,-5.2613306,-4.958005,👡
953,-46.699226,-8.421453,👢
954,-42.574852,1.3954386,👣
955,47.955795,7.7355494,👤
956,-19.929672,21.266207,👥
957,-17.159304,-14.315545,👦
958,-3.099366,-4.9664755,👦🏻
959,2.3262079,12.09656,👦🏼
960,-20.349178,16.375717,👦🏽
961,57.014286,5.422522,👦🏾
962,-6.9301567,-14.173506,👦🏿
963,3.317568,-7.338503,👧
964,-6.485338,-3.2684512,👧🏻
965,-14.204524,3.4611793,👧🏼
966,54.450844,-1.721307,👧🏽
967,-6.5912924,6.1174197,👧🏾
968,44.709187,1.4405864,👧🏿
969,-45.096893,15.877717,👨
970,35.393646,6.3251514,👨‍❤️‍👨
971,-0.8294052,3.5523562,👨‍❤️‍💋‍👨
972,-20.172726,-23.256054,👨‍👨‍👦
973,-19.301615,8.64191,👨‍👨‍👦‍👦
974,-6.2718835,-11.015311,👨‍👨‍👧
975,-9.20559,-1.6984503,👨‍👨‍👧‍👦
976,-22.690063,-12.091165,👨‍👨‍👧‍👧
977,-2.075794,10.934991,👨‍👩‍👦‍👦
978,-17.090347,17.919094,👨‍👩‍👧
979,14.4554825,-3.5303516,👨‍👩‍👧‍👦
980,-14.142502,-1.3902788,👨‍👩‍👧‍👧
981,-17.9071,-14.305337,👨🏻
982,-6.674226,15.087253,👨🏼
983,51.654915,1.2624629,👨🏽
984,8.311143,9.686646,👨🏾
985,-28.922653,2.6860607,👨🏿
986,35.25676,-0.71462315,👩
987,-4.486725,7.0725474,👩‍❤️‍👩
988,-29.187798,-14.8024645,👩‍❤️‍💋‍👩
989,-17.474602,8.569265,👩‍👩‍👦
990,42.99242,5.2932415,👩‍👩‍👦‍👦
991,-7.015125,9.941153,👩‍👩‍👧
992,38.550625,6.914158,👩‍👩‍👧‍👦
993,39.71992,1.4476963,👩‍👩‍👧‍👧
994,66.22171,0.19171098,👩🏻
995,44.24923,7.3549366,👩🏼
996,-8.583955,0.585092,👩🏽
997,-7.450534,1.7559681,👩🏾
998,10.361908,-10.013362,👩🏿
999,70.15147,7.0764613,👪
1000,-49.164227,-2.8282387,👫
1001,-56.8695,-5.931774,👬
1002,-60.934296,-2.2845688,👭
1003,-45.473854,-0.5701917,👮
1004,-16.895494,3.9044676,👮🏻
1005,2.2745879,12.148182,👮🏼
1006,-1.7643648,16.63496,👮🏽
1007,1.9470853,-23.329529,👮🏾
1008,11.318516,15.869767,👮🏿
1009,22.65362,6.3260064,👯
1010,-54.73909,-5.3525124,👰
1011,64.79714,0.7152113,👰🏻
1012,-5.733758,-19.876942,👰🏼
1013,-1.8961307,-24.745148,👰🏽
1014,-5.227564,10.900826,👰🏾
1015,53.286133,7.505012,👰🏿
1016,17.494274,1.8435035,👱
1017,5.319076,9.119405,👱🏻
1018,-6.440652,-0.23789595,👱🏼
1019,55.47024,2.7499106,👱🏽
1020,-5.6523957,-15.313896,👱🏾
1021,9.346545,-15.652334,👱🏿
1022,60.651455,-5.351329,👲
1023,-11.432795,5.302812,👲🏻
1024,11.428033,-0.35584185,👲🏼
1025,-2.9456902,-1.3428448,👲🏽
1026,-15.943016,-0.61798453,👲🏾
1027,-12.708474,-1.4988813,👲🏿
1028,-3.2556725,-9.756493,👳
1029,-11.375711,1.3749352,👳🏻
1030,-9.958675,1.3109704,👳🏼
1031,40.203205,3.4660242,👳🏽
1032,-3.9475322,-4.4378786,👳🏾
1033,-20.050314,12.206123,👳🏿
1034,44.93792,6.12592,👴
1035,-16.305548,6.641136,👴🏻
1036,-13.54256,-3.7807944,👴🏼
1037,-12.508076,-12.867957,👴🏽
1038,-7.131346,-6.0715446,👴🏾
1039,-23.362112,5.067169,👴🏿
1040,-48.38476,1.8856487,👵
1041,-6.3519993,-12.551401,👵🏻
1042,-13.909622,-4.477258,👵🏼
1043,46.161106,0.39270917,👵🏽
1044,39.231323,1.8766859,👵🏾
1045,-6.789253,-16.630041,👵🏿
1046,-43.18496,-4.8423543,👶
1047,-11.003819,8.790254,👶🏻
1048,-12.007534,6.916427,👶🏼
1049,5.678369,-14.345964,👶🏽
1050,65.68989,3.7141683,👶🏾
1051,-5.2497106,-14.579731,👶🏿
1052,-45.04761,-3.0524914,👷
1053,64.01679,-3.785991,👷🏻
1054,64.68625,2.6010435,👷🏼
1055,-2.650528,4.0470233,👷🏽
1056,-2.0558012,5.9593983,👷🏾
1057,-3.7145321,3.308584,👷🏿
1058,61.306797,-8.690778,👸
1059,-4.712494,-17.334385,👸🏻
1060,-14.607074,-20.826912,👸🏼
1061,6.719694,-2.7572753,👸🏽
1062,0.27782398,-6.932172,👸🏾
1063,-18.471348,5.9349675,👸🏿
1064,25.72209,11.021161,👹
1065,35.093967,-8.782094,👺
1066,-43.65513,-11.676026,👻
1067,22.227833,-2.3749766,👼
1068,-24.733133,2.434874,👼🏻
1069,10.77967,12.131466,👼🏼
1070,-10.296575,-10.838534,👼🏽
1071,45.65817,4.5195312,👼🏾
1072,-7.282515,-12.456617,👼🏿
1073,41.34125,10.242006,👽
1074,-45.426437,-5.4428368,👾
1075,-11.124084,-6.0826354,👿
1076,-42.97185,-2.4345088,💀
1077,-56.186684,2.3639655,💁
1078,-4.13552,4.608387,💁🏻
1079,-18.186068,3.1318688,💁🏼
1080,-8.976356,-16.46502,💁🏽
1081,-4.7962904,9.209203,💁🏾
1082,-11.588825,-0.55248135,💁🏿
1083,-56.59568,2.4439757,💂
1084,6.931384,-3.0805683,💂🏻
1085,-16.10015,14.301491,💂🏼
1086,-20.54173,-9.488265,💂🏽
1087,61.251835,4.365784,💂🏾
1088,-14.609584,1.6796463,💂🏿
1089,34.166126,12.263282,💃
1090,1.8054647,2.2308328,💃🏻
1091,-1.9491085,-6.1062417,💃🏼
1092,-9.746473,-4.7379093,💃🏽
1093,-8.974789,-3.9442165,💃🏾
1094,-5.8321075,-6.3846025,💃🏿
1095,-20.485304,-4.7589173,💄
1096,-49.44601,-11.010352,💅
1097,-19.56966,-5.5870714,💅🏻
1098,-6.1916127,24.392076,💅🏼
1099,62.602882,-1.8992105,💅🏽
1100,43.679054,0.069371134,💅🏾
1101,41.02116,-5.371411,💅🏿
1102,-25.725418,-13.584776,💆
1103,63.015102,4.668403,💆🏻
1104,-2.6634777,20.564348,💆🏼
1105,10.374752,8.809736,💆🏽
1106,-2.647419,10.820708,💆🏾
1107,40.74587,0.78255254,💆🏿
1108,-40.263756,-12.386618,💇
1109,-18.90717,-10.399861,💇🏻
1110,1.9949945,0.1787666,💇🏼
1111,3.3934193,-18.607132,💇🏽
1112,42.495945,-9.820085,💇🏾
1113,-15.977263,12.69749,💇🏿
1114,-33.78802,-2.838778,💈
1115,-36.166046,-6.053141,💉
1116,-27.427828,7.985732,💊
1117,-8.798344,-11.825023,💋
1118,57.33533,3.5847719,💌
1119,49.56471,10.44955,💍
1120,3.4439318,0.8110388,💎
1121,-50.94663,2.9855397,💏
1122,-19.216629,-7.890456,💐
1123,-22.846745,0.118962966,💑
1124,66.14893,1.2598019,💒
1125,38.041916,2.10155,💓
1126,39.697857,0.25608432,💔
1127,34.39631,1.4228122,💕
1128,-29.880392,0.4191347,💖
1129,-42.290535,-1.1466942,💗
1130,43.612217,6.7509627,💘
1131,1.0555267,-14.656686,💙
1132,9.247803,-22.085884,💚
1133,31.48776,-2.5863533,💛
1134,42.364178,-7.343607,💜
1135,53.703053,5.6633854,💝
1136,50.328228,-3.4290063,💞
1137,-17.335459,-8.982919,💟
1138,-56.04241,3.3952658,💠
1139,-37.470966,7.6607046,💡
1140,44.87745,-0.46189058,💢
1141,0.4264923,-3.3328106,💣
1142,-50.183273,-4.135682,💤
1143,22.67983,-2.4023974,💥
1144,62.0592,-3.5907269,💦
1145,11.521422,-1.5316217,💧
1146,28.063454,7.3585176,💨
1147,53.430275,-3.3945024,💩
1148,44.33653,-7.170818,💪
1149,-16.222506,4.5983386,💪🏻
1150,42.90256,2.9428442,💪🏼
1151,-13.07178,-8.296458,💪🏽
1152,-12.314225,-14.541379,💪🏾
1153,-10.067468,10.013274,💪🏿
1154,68.24502,-1.6844636,💫
1155,-46.94479,-5.334683,💬
1156,51.26549,0.029237866,💭
1157,41.869587,-4.2653317,💮
1158,-12.707617,12.628476,💯
1159,-43.825268,4.2466717,💰
1160,-7.284448,15.114748,💱
1161,17.091948,-3.7685575,💲
1162,-37.180122,12.353593,💳
1163,-9.704432,-2.6935403,💴
1164,-26.420595,-11.199247,💵
1165,11.162628,-5.072396,💶
1166,50.83629,7.719764,💷
1167,-22.686775,16.142868,💸
1168,5.7349577,5.181256,💹
1169,42.50488,2.6197774,💺
1170,59.731407,-3.5777462,💻
1171,46.30779,-3.0982335,💼
1172,53.601,-1.0897083,💽
1173,10.370236,-7.245064,💾
1174,-43.36351,4.1955094,💿
1175,51.773365,6.9790564,📀
1176,-16.140617,9.637843,📁
1177,-13.263367,25.37077,📂
1178,51.44718,-6.7024856,📃
1179,0.42664656,-3.3095884,📄
1180,53.465347,-5.088043,📅
1181,-39.97775,8.133385,📆
1182,54.911736,-8.095028,📇
1183,14.094265,7.2571306,📈
1184,3.960244,-4.5556684,📉
1185,68.78772,2.4429739,📊
1186,-3.9809873,-4.6571746,📋
1187,13.522818,-10.970503,📌
1188,-58.131767,0.9986695,📍
1189,53.878757,11.559897,📎
1190,3.4897273,16.648375,📏
1191,35.26354,-2.4616454,📐
1192,-10.863791,14.322951,📑
1193,-38.903522,-13.83134,📒
1194,-39.65767,-11.726897,📓
1195,-14.566056,-9.487405,📔
1196,-22.180786,-16.980925,📕
1197,32.3484,1.499141,📖
1198,12.217257,-8.503059,📗
1199,-24.986055,10.269301,📘
1200,-24.718357,0.4689655,📙
1201,-43.554348,-6.0257773,📚
1202,-42.153133,-6.1979704,📛
1203,46.974895,4.353452,📜
1204,-31.557974,13.536967,📝
1205,-48.728745,3.1725419,📞
1206,38.913517,-7.2026367,📟
1207,-21.047873,10.211824,📠
1208,64.55937,-1.8435376,📡
1209,-29.549809,-6.4462614,📢
1210,58.173443,-4.219619,📣
1211,-36.492344,3.8948872,📤
1212,14.176088,13.103777,📥
1213,-16.312473,-11.739385,📦
1214,58.292652,-1.6600004,📧
1215,48.650764,-3.7701626,📨
1216,-36.66872,-16.430138,📩
1217,-3.5316238,7.5029263,📪
1218,3.6716604,19.61308,📫
1219,67.03271,7.169582,📬
1220,60.582024,2.9634778,📭
1221,15.970294,2.7726598,📮
1222,-47.960125,-10.606968,📯
1223,-50.736984,9.997485,📰
1224,55.473534,16.098526,📱
1225,52.988255,1.910294,📲
1226,50.324173,1.8258605,📳
1227,37.15731,5.8499384,📴
1228,-56.381203,-3.1126142,📵
1229,64.64252,6.1820374,📶
1230,-36.901474,0.8416831,📷
1231,-0.021187702,11.955016,📸
1232,56.38988,6.643873,📹
1233,4.627521,8.842188,📺
1234,-37.763584,9.174822,📻
1235,41.61729,-0.99731225,📼
1236,12.082726,6.740264,📽
1237,-38.97826,-10.547909,📿
1238,6.7893896,-1.8533916,🔀
1239,54.55853,4.335509,🔁
1240,-45.58533,-6.785152,🔂
1241,-6.267751,-0.63695,🔃
1242,-34.29351,10.03345,🔄
1243,56.489494,-4.1741204,🔅
1244,-35.606205,6.424139,🔆
1245,3.014459,-7.165252,🔇
1246,-24.136786,-14.603807,🔈
1247,45.745857,-1.3600893,🔉
1248,14.65322,-13.5696945,🔊
1249,41.360657,-5.878146,🔋
1250,29.005812,2.7016807,🔌
1251,-28.857338,3.9687114,🔍
1252,21.05768,-9.393236,🔎
1253,44.28299,-3.6553833,🔏
1254,40.00362,-7.757089,🔐
1255,-10.476449,5.2020636,🔑
1256,58.46897,1.7198732,🔒
1257,-45.281128,-16.861897,🔓
1258,-51.879833,4.130178,🔔
1259,-46.62984,5.446416,🔕
1260,-28.937386,15.415885,🔖
1261,55.846577,0.032874003,🔗
1262,12.879482,-14.269449,🔘
1263,-32.337776,-4.453174,🔙
1264,-21.584303,6.7691984,🔚
1265,-8.501662,11.848621,🔛
1266,57.613697,4.925893,🔜
1267,-20.98003,-14.87116,🔝
1268,-26.123014,14.898444,🔞
1269,0.15225743,-0.9335844,🔟
1270,-40.218586,12.474274,🔠
1271,40.761703,7.6914544,🔡
1272,30.764412,12.8218155,🔢
1273,51.68283,15.307894,🔣
1274,47.57362,2.468119,🔤
1275,-45.594627,-13.155082,🔥
1276,-13.992765,9.482714,🔦
1277,-22.024723,-17.283382,🔧
1278,-39.132885,10.406385,🔨
1279,-38.355278,-2.7658002,🔩
1280,-46.82536,12.267366,🔪
1281,62.440773,-3.6032581,🔫
1282,-30.382086,10.361423,🔬
1283,-38.336365,15.895365,🔭
1284,-61.9554,-4.7772207,🔮
1285,6.314936,11.500411,🔯
1286,-36.143444,10.0354805,🔰
1287,-3.872114,-12.839248,🔱
1288,55.418808,-6.6720943,🔲
1289,8.610295,-6.8966618,🔳
1290,-4.785531,15.428365,🔴
1291,65.49792,2.168231,🔵
1292,-17.704966,-2.1860874,🔶
1293,-16.052094,-7.5446534,🔷
1294,-3.0570467,13.965258,🔸
1295,8.711339,5.2836566,🔹
1296,-10.081453,6.4610963,🔼
1297,-2.3225725,17.694801,🔽
1298,-34.728718,-1.0502322,🕉
1299,50.626373,3.4300478,🕊
1300,-28.457731,0.78604245,🕋
1301,2.655596,-8.724196,🕌
1302,64.88027,-0.8747295,🕍
1303,-41.48504,0.22523126,🕎
1304,58.741592,-6.02008,🕐
1305,46.336105,-5.323045,🕑
1306,-6.674767,8.122535,🕒
1307,-15.633116,7.9309025,🕓
1308,49.42766,6.9769864,🕔
1309,55.655136,-5.390732,🕕
1310,-25.449356,7.050878,🕖
1311,-18.8976,1.5515991,🕗
1312,0.3242339,20.46912,🕘
1313,6.3524218,1.0520934,🕙
1314,-9.781572,-14.967195,🕚
1315,52.025543,-5.1712165,🕛
1316,-13.178706,-18.24533,🕯
1317,-15.496576,10.70353,🕰
1318,-9.465164,16.166664,🕳
1319,66.068436,-2.722363,🕴
1320,-59.276047,-5.4211655,🕵
1321,4.0496144,-4.692382,🕶
1322,-24.621864,-5.3224363,🕷
1323,64.8563,9.536494,🕸
1324,-3.2390425,-6.484701,🕹
1325,-45.889126,6.8731146,🕺
1326,-14.087184,-7.9040785,🖇
1327,-9.605058,24.403727,🖊
1328,-10.864447,19.81391,🖋
1329,-24.418896,-22.821898,🖌
1330,46.185303,-5.166822,🖍
1331,-37.65345,0.28978434,🖐
1332,-51.593884,-13.7498665,🖕
1333,-56.028008,0.4873156,🖖
1334,16.824474,-6.9125495,🖖🏻
1335,40.142452,-7.238771,🖖🏼
1336,-5.800325,11.226203,🖖🏽
1337,-0.78972316,5.7178125,🖖🏾
1338,8.956026,-2.0292945,🖖🏿
1339,-37.084694,-10.222163,🖤
1340,-38.68716,-6.056846,🖥
1341,60.17429,7.962755,🖨
1342,-6.1731505,3.8154886,🖱
1343,-11.112916,10.88404,🖲
1344,45.750538,-9.267845,🖼
1345,14.353426,-1.1154904,🗂
1346,-12.683457,-16.93602,🗃
1347,67.96519,9.298245,🗄
1348,9.580454,-6.225074,🗑
1349,-6.2816467,-10.71757,🗒
1350,-14.286453,-13.713899,🗓
1351,-17.246622,11.968786,🗜
1352,4.7237463,4.9052076,🗝
1353,7.152829,-1.2918551,🗞
1354,-21.82536,-9.436765,🗡
1355,1.6805676,-19.550995,🗣
1356,5.977597,-8.318377,🗨
1357,-42.53545,-10.870944,🗯
1358,2.7646537,-15.518499,🗳
1359,-19.939867,-12.197181,🗺
1360,1.7837348,-10.592867,🗻
1361,-38.480186,-0.25538746,🗼
1362,44.113155,2.4076588,🗽
1363,-14.582769,-12.179034,🗾
1364,-47.892345,-13.552895,🗿
1365,-54.287983,-3.326963,😀
1366,-24.724413,-20.604998,😁
1367,42.762398,-10.303138,😂
1368,38.519737,-3.6197217,😃
1369,28.616526,9.158196,😄
1370,35.180458,11.407561,😅
1371,31.002014,12.709498,😆
1372,48.837997,2.108474,😇
1373,-54.780033,8.835373,😈
1374,-45.68491,11.593298,😉
1375,31.66701,6.0062995,😊
1376,37.588303,-2.2811484,😋
1377,-46.48089,-0.59900343,😌
1378,14.248792,-18.118938,😍
1379,38.98275,3.5133557,😎
1380,-56.83867,2.3671985,😏
1381,-45.895172,2.5727215,😐
1382,-52.75191,2.5236142,😑
1383,68.85474,-0.26467848,😒
1384,64.11092,5.5336194,😓
1385,1.2170428,9.047494,😔
1386,21.71553,-9.278171,😕
1387,-9.087059,-17.037205,😖
1388,-57.8689,2.6945407,😗
1389,42.600613,1.7838954,😘
1390,40.03582,10.670463,😙
1391,44.08654,1.1483848,😚
1392,-48.476475,9.755547,😛
1393,58.222366,-2.2679954,😜
1394,-53.37883,6.107246,😝
1395,54.992863,1.5699366,😞
1396,4.7443533,-12.066492,😟
1397,10.16669,-14.15601,😠
1398,11.5291395,1.2112851,😡
1399,45.060196,10.686005,😢
1400,43.100315,-3.690417,😣
1401,-2.3042848,14.130303,😤
1402,51.543777,-3.3880055,😥
1403,19.259806,8.945014,😦
1404,4.5716386,12.745034,😧
1405,50.15851,-15.096579,😨
1406,-52.81047,5.6673408,😩
1407,-51.207596,4.4008465,😪
1408,-44.927673,11.898015,😫
1409,-58.460392,0.4640092,😬
1410,33.28313,-10.531749,😭
1411,-55.426876,0.3680312,😮
1412,-43.912136,-3.8443878,😯
1413,-53.739433,-1.4685738,😰
1414,-56.80621,10.210696,😱
1415,2.0801132,7.070875,😲
1416,9.483394,-2.0185926,😳
1417,32.575882,6.011895,😴
1418,57.472263,-0.7773745,😵
1419,-58.625942,5.585854,😶
1420,54.516254,3.3645875,😷
1421,57.1923,8.539941,😸
1422,-40.77545,2.0684054,😹
1423,-49.383026,-6.3024783,😺
1424,27.828976,-0.25241992,😻
1425,16.33332,10.049588,😼
1426,43.22699,-6.3978047,😽
1427,-51.124557,-1.645048,😾
1428,42.938534,-10.855372,😿
1429,56.484844,5.081545,🙀
1430,-0.1024227,10.63818,🙁
1431,12.959278,-2.6407275,🙂
1432,-12.33105,0.82465136,🙃
1433,64.26698,8.794282,🙄
1434,-44.5652,4.748701,🙅
1435,-21.687979,14.836556,🙅🏻
1436,-14.58198,-10.1996975,🙅🏼
1437,-10.5251875,-13.220306,🙅🏽
1438,-15.753442,-1.9762712,🙅🏾
1439,-12.608325,10.334262,🙅🏿
1440,-52.983795,-5.382478,🙆
1441,-16.811466,-5.4024706,🙆🏻
1442,37.699165,-0.6533908,🙆🏼
1443,-4.037982,-21.45587,🙆🏽
1444,-8.516333,9.344593,🙆🏾
1445,-4.9464536,-16.32975,🙆🏿
1446,-58.64023,-4.3810863,🙇
1447,57.206867,-11.228122,🙇🏻
1448,-17.252047,-0.99688977,🙇🏼
1449,-18.428677,4.5862236,🙇🏽
1450,-13.284382,2.389239,🙇🏾
1451,63.528538,4.1065874,🙇🏿
1452,53.873016,-13.774637,🙈
1453,-45.580902,-7.188031,🙉
1454,-20.32756,4.5938444,🙊
1455,-2.6570027,2.7041945,🙋
1456,-7.3443856,10.147187,🙋🏻
1457,-13.018117,-5.05147,🙋🏼
1458,-9.001677,17.007086,🙋🏽
1459,-10.2449875,10.5008955,🙋🏾
1460,59.647583,-4.264759,🙋🏿
1461,-13.721298,-20.94484,🙌
1462,27.5554,1.5527112,🙌🏻
1463,-21.678677,13.917106,🙌🏼
1464,13.777295,7.1429863,🙌🏽
1465,8.955966,13.8449955,🙌🏾
1466,61.473667,-1.5767424,🙌🏿
1467,35.671833,15.445014,🙍
1468,-4.011556,4.5330057,🙍🏻
1469,9.301082,0.049621295,🙍🏼
1470,-2.587966,-11.308618,🙍🏽
1471,-1.7899605,7.2011657,🙍🏾
1472,-20.17687,-2.9783583,🙍🏿
1473,-58.907837,4.4053636,🙎
1474,7.74997,-4.983956,🙎🏻
1475,70.56293,2.1975303,🙎🏼
1476,-2.5855987,8.577513,🙎🏽
1477,61.043194,5.4652066,🙎🏾
1478,69.29413,4.209629,🙎🏿
1479,-60.443172,-0.16195394,🙏
1480,-13.140563,15.775803,🙏🏻
1481,2.9733367,3.6501205,🙏🏼
1482,-9.0512495,12.84833,🙏🏽
1483,9.365715,2.29586,🙏🏾
1484,1.9775889,6.3765473,🙏🏿
1485,-56.890625,-1.1326123,🚀
1486,50.66112,-4.4487133,🚁
1487,-41.990616,-0.3890333,🚂
1488,-7.9877443,18.062979,🚃
1489,55.051193,8.521176,🚄
1490,35.305843,-14.856831,🚅
1491,-57.970474,6.522572,🚆
1492,36.947487,0.67557603,🚇
1493,-27.69255,-11.544038,🚈
1494,33.80083,0.089446336,🚉
1495,-18.323225,8.600302,🚊
1496,40.912758,-3.5321255,🚋
1497,-44.514427,2.4092557,🚌
1498,-35.24467,-6.695272,🚍
1499,-53.715664,0.55879074,🚎
1500,-37.198433,-11.937524,🚏
1501,51.239613,-2.500781,🚐
1502,-52.355484,-3.5983763,🚑
1503,32.736233,3.3580546,🚒
1504,31.04464,-5.8024163,🚓
1505,46.131752,14.832854,🚔
1506,2.1367328,2.4249496,🚕
1507,-52.882126,4.0563593,🚖
1508,-43.395844,-2.7378109,🚗
1509,41.908577,3.6557362,🚘
1510,19.900074,-6.115457,🚙
1511,-33.193607,-9.851265,🚚
1512,-40.74278,5.5248737,🚛
1513,-45.53346,1.9376436,🚜
1514,-44.659473,6.7194343,🚝
1515,49.577923,13.403628,🚞
1516,-58.32069,6.1085434,🚟
1517,-59.30762,1.5344315,🚠
1518,44.115765,8.381998,🚡
1519,44.000874,10.091325,🚢
1520,20.985903,1.3737756,🚣
1521,54.999546,2.4776635,🚣🏻
1522,60.681065,1.3523029,🚣🏼
1523,-26.174664,-19.383446,🚣🏽
1524,1.0255737,-8.420974,🚣🏾
1525,-16.066887,21.78438,🚣🏿
1526,-55.07094,-2.8810296,🚤
1527,32.73163,-5.309956,🚥
1528,50.880253,11.455291,🚦
1529,32.001465,-0.35984617,🚧
1530,24.852882,-2.0346873,🚨
1531,3.6202672,-21.134119,🚩
1532,-47.346638,9.061452,🚪
1533,45.34082,-13.667905,🚫
1534,8.554591,3.2643127,🚬
1535,56.5773,-1.8533386,🚭
1536,31.290377,1.9107893,🚮
1537,65.571465,10.188632,🚯
1538,37.22662,4.531184,🚰
1539,-44.00091,-7.9041204,🚱
1540,-54.55348,3.8253174,🚲
1541,-46.94314,3.2758007,🚳
1542,-52.048557,5.872193,🚴
1543,-19.183395,6.810271,🚴🏻
1544,0.44257203,-5.710466,🚴🏼
1545,51.51383,6.555094,🚴🏽
1546,-21.88509,3.7800405,🚴🏾
1547,-6.240672,20.02392,🚴🏿
1548,-4.677666,-8.875336,🚵
1549,35.44328,-2.2032466,🚵🏻
1550,64.18238,7.9177356,🚵🏼
1551,-13.25609,-17.57974,🚵🏽
1552,4.0416837,6.3139877,🚵🏾
1553,-19.461496,7.9346924,🚵🏿
1554,35.435028,3.4136822,🚶
1555,34.403946,0.15792446,🚶🏻
1556,-17.07072,-9.295784,🚶🏼
1557,-2.9026165,26.462032,🚶🏽
1558,-0.95357776,-5.321044,🚶🏾
1559,-22.921917,11.199936,🚶🏿
1560,60.6255,-0.17111127,🚷
1561,-59.0764,3.8663058,🚸
1562,-58.78591,-4.294358,🚹
1563,-56.25442,-3.179011,🚺
1564,-58.9647,-2.2591743,🚻
1565,34.39102,7.829081,🚼
1566,19.856676,4.4314656,🚽
1567,38.522587,-13.066101,🚾
1568,-51.833466,1.119913,🚿
1569,-19.494566,-19.70494,🛀
1570,5.098892,-3.8926306,🛀🏻
1571,3.8248138,14.255532,🛀🏼
1572,-10.621327,-9.251726,🛀🏽
1573,-3.0727985,-2.245476,🛀🏾
1574,63.32488,-0.36467052,🛀🏿
1575,35.26427,-3.183616,🛁
1576,45.513832,-4.539459,🛂
1577,34.42396,-5.755256,🛃
1578,-54.00916,-3.8190558,🛄
1579,-44.505844,-11.8557005,🛅
1580,-34.27096,-4.6732335,🛋
1581,3.856604,2.7712991,🛌
1582,-14.818815,-14.152876,🛍
1583,-1.6668364,2.1364632,🛎
1584,-30.273764,3.1091964,🛏
1585,1.4090703,-13.714834,🛐
1586,-0.7243241,19.01344,🛑
1587,-22.523533,-9.115635,🛠
1588,40.008507,2.4939072,🛡
1589,63.549507,-0.0894613,🛢
1590,-43.4138,0.17474651,🛣
1591,-8.307577,15.414531,🛤
1592,5.5183682,-13.967281,🛥
1593,70.03911,0.3203749,🛩
1594,-7.868854,7.405998,🛫
1595,-20.079542,0.26850125,🛬
1596,-12.087033,18.77902,🛰
1597,10.034604,-14.196884,🛳
1598,4.2113824,14.63106,🛴
1599,69.03435,4.6719575,🛵
1600,-23.587162,7.9521365,🤐
1601,-25.73039,-0.10174551,🤑
1602,-39.94456,3.133958,🤒
1603,-30.298004,-7.309175,🤓
1604,52.58224,13.65456,🤔
1605,-37.012676,3.132164,🤕
1606,-25.562178,-20.38541,🤖
1607,0.31309766,-9.131567,🤗
1608,59.532986,-9.333413,🤘
1609,-10.150022,7.8105035,🤙
1610,6.7997384,0.6020411,🤚
1611,-15.760818,15.880647,🤛
1612,-15.694095,-7.6756616,🤜
1613,-14.67753,4.725435,🤝
1614,-37.711395,2.5431926,🤞
1615,-35.72813,3.8693643,🤠
1616,-35.271824,1.4527302,🤡
1617,44.3908,3.55544,🤢
1618,-31.864702,-7.282254,🤣
1619,11.497162,2.5362241,🤤
1620,-47.382065,0.68001187,🤥
1621,57.016228,-10.951289,🤦
1622,-8.018526,-12.08634,🤧
1623,-32.49525,-8.770705,🤰
1624,62.596256,2.3452294,🤳
1625,51.199207,11.143815,🤴
1626,-25.719837,-0.4446081,🤵
1627,-39.882023,0.42826235,🤶
1628,56.264477,-3.7699943,🤷
1629,4.2636347,0.0984111,🤹
1630,0.9074188,4.756557,🤺
1631,-7.7392387,-2.3945546,🤾
1632,-43.22275,-10.0256605,🥀
1633,-42.637127,13.287845,🥂
1634,-37.84701,0.48198792,🥃
1635,-17.355158,-5.7189636,🥄
1636,39.71506,-2.4826314,🥐
1637,-29.432064,10.097822,🥑
1638,48.021767,-5.98869,🥒
1639,-15.013628,-20.917427,🥓
1640,-44.18589,1.0900413,🥔
1641,-0.86419463,12.978654,🥕
1642,14.982183,-12.378085,🥖
1643,-1.7619311,-11.583878,🥗
1644,5.705358,-1.293986,🥘
1645,-39.30667,-6.9000034,🥙
1646,52.11119,4.9918857,🥡
1647,45.68502,3.1361654,🦀
1648,-39.77035,-3.4847434,🦁
1649,-19.810617,-7.7329683,🦂
1650,-49.10784,-8.867982,🦃
1651,49.015785,3.1100512,🦄
1652,-33.81411,-2.6633945,🦅
1653,16.293774,9.61069,🦆
1654,-45.503635,-9.981513,🦇
1655,-14.645507,12.423007,🦈
1656,-6.4118094,6.9080086,🦉
1657,-35.177555,-15.393533,🦊
1658,0.81012046,5.631683,🦋
1659,0.7002803,-9.466393,🦏
1660,-5.1274133,-1.9925487,🧀
